U3,Q1,Q2,Q3,Q4,Q5,Q6,Q7,Q8,Q9,Q10,Q11,Q12,Q13,Q14,Q15,Q16,Q17,Q18,Q19,Q20,Q21,Q22,Q23,Q24,Q25,Q26,Q27,Q28,Q29,Q30,Q31,Q32,Q33,Q34,Q35,Q36,Q37,Q38,Q39,Q40,Q41,Q42,Q43,Q44,Q45,Q46,Q47,Q48,Q49,Q50,Q51,Q52,Q53,Q54,Q55,Q56,Q57,Q58,Q59,Q60,Q61,Q62,Q63,Q64
815268900,Texture,Texture,Texture,Shadow,Texture,Texture,Texture,Texture,Texture,Texture,Texture,Texture,Texture,Texture,Texture,Texture,Occlusion,Occlusion,Occlusion,Occlusion,Texture,Texture,Shadow,Shadow,Shadow,Shadow,Shadow,Shadow,Texture,Shadow,Shadow,Shadow,Occlusion,Occlusion,Occlusion,Occlusion,Shadow,Shadow,Occlusion,Occlusion,Shadow,Shadow,Shadow,Shadow,Shadow,Occlusion,Shadow,Shadow,Occlusion,Occlusion,Occlusion,Occlusion,Occlusion,Occlusion,Occlusion,Occlusion,Occlusion,Occlusion,Occlusion,Occlusion,Occlusion,Occlusion,Occlusion,Occlusion
815333625,Texture,Occlusion,Texture,Occlusion,Texture,Texture,Texture,Texture,Texture,Texture,Texture,Occlusion,Texture,Texture,Shadow,Texture,Occlusion,Occlusion,Occlusion,Occlusion,Texture,Texture,Texture,Texture,Shadow,Texture,Texture,Texture,Texture,Texture,Shadow,Texture,Occlusion,Occlusion,Occlusion,Occlusion,Shadow,Shadow,Shadow,Shadow,Shadow,Texture,Shadow,Shadow,Shadow,Shadow,Texture,Texture,Occlusion,Occlusion,Occlusion,Occlusion,Shadow,Occlusion,Occlusion,Occlusion,Shadow,Occlusion,Occlusion,Shadow,Shadow,Shadow,Shadow,Shadow
815302043,Texture,Texture,Occlusion,Occlusion,Texture,Texture,Texture,Occlusion,Texture,Texture,Texture,Texture,Texture,Texture,Texture,Texture,Shadow,Shadow,Occlusion,Occlusion,Shadow,Shadow,Shadow,Shadow,Texture,Shadow,Shadow,Shadow,Texture,Texture,Shadow,Texture,Shadow,Shadow,Occlusion,Occlusion,Shadow,Shadow,Shadow,Shadow,Shadow,Shadow,Shadow,Shadow,Shadow,Shadow,Shadow,Shadow,Occlusion,Occlusion,Occlusion,Occlusion,Occlusion,Occlusion,Occlusion,Occlusion,Shadow,Occlusion,Occlusion,Occlusion,Occlusion,Shadow,Occlusion,Shadow
815340213,Texture,Texture,Occlusion,Occlusion,Texture,Texture,Texture,Occlusion,Texture,Texture,Texture,Texture,Texture,Texture,Texture,Texture,Occlusion,Occlusion,Occlusion,Occlusion,Shadow,Shadow,Shadow,Texture,Texture,Shadow,Shadow,Shadow,Texture,Shadow,Texture,Texture,Occlusion,Occlusion,Occlusion,Occlusion,Shadow,Shadow,Shadow,Shadow,Shadow,Shadow,Shadow,Shadow,Shadow,Shadow,Shadow,Shadow,Occlusion,Occlusion,Occlusion,Occlusion,Shadow,Shadow,Shadow,Shadow,Shadow,Shadow,Shadow,Shadow,Shadow,Shadow,Shadow,Shadow
815294343,Texture,Texture,Texture,Occlusion,Texture,Texture,Texture,Texture,Texture,Texture,Texture,Texture,Texture,Texture,Texture,Texture,Shadow,Shadow,Occlusion,Occlusion,Texture,Shadow,Texture,Texture,Texture,Texture,Texture,Texture,Texture,Texture,Texture,Texture,Occlusion,Occlusion,Occlusion,Occlusion,Shadow,Shadow,Shadow,Shadow,Shadow,Shadow,Shadow,Shadow,Shadow,Shadow,Shadow,Shadow,Occlusion,Occlusion,Occlusion,Occlusion,Shadow,Shadow,Shadow,Shadow,Shadow,Shadow,Shadow,Shadow,Shadow,Shadow,Shadow,Shadow
815323104,Texture,Texture,Texture,Texture,Texture,Texture,Texture,Texture,Texture,Texture,Texture,Texture,Texture,Texture,Texture,Texture,Shadow,Occlusion,Occlusion,Shadow,Texture,Texture,Texture,Texture,Texture,Texture,Texture,Texture,Texture,Texture,Texture,Texture,Shadow,Shadow,Shadow,Shadow,Shadow,Occlusion,Texture,Occlusion,Texture,Texture,Texture,Occlusion,Shadow,Texture,Shadow,Texture,Shadow,Shadow,Shadow,Shadow,Shadow,Texture,Shadow,Shadow,Texture,Shadow,Occlusion,Shadow,Texture,Texture,Occlusion,Occlusion
815324538,Texture,Occlusion,Occlusion,Occlusion,Texture,Occlusion,Texture,Texture,Texture,Texture,Texture,Occlusion,Texture,Texture,Texture,Texture,Occlusion,Occlusion,Occlusion,Occlusion,Shadow,Shadow,Shadow,Shadow,Shadow,Texture,Texture,Texture,Texture,Shadow,Texture,Shadow,Occlusion,Occlusion,Occlusion,Occlusion,Shadow,Shadow,Shadow,Shadow,Shadow,Shadow,Shadow,Shadow,Shadow,Shadow,Shadow,Shadow,Occlusion,Occlusion,Occlusion,Occlusion,Occlusion,Occlusion,Occlusion,Occlusion,Occlusion,Occlusion,Shadow,Occlusion,Shadow,Shadow,Occlusion,Shadow
815279436,Shadow,Occlusion,Occlusion,Occlusion,Texture,Occlusion,Shadow,Occlusion,Shadow,Shadow,Occlusion,Occlusion,Shadow,Shadow,Occlusion,Shadow,Shadow,Occlusion,Occlusion,Occlusion,Shadow,Occlusion,Occlusion,Occlusion,Shadow,Shadow,Shadow,Occlusion,Shadow,Shadow,Shadow,Texture,Occlusion,Occlusion,Occlusion,Occlusion,Shadow,Shadow,Occlusion,Occlusion,Shadow,Shadow,Occlusion,Occlusion,Shadow,Occlusion,Shadow,Texture,Occlusion,Occlusion,Occlusion,Occlusion,Occlusion,Occlusion,Occlusion,Occlusion,Occlusion,Occlusion,Occlusion,Occlusion,Shadow,Occlusion,Occlusion,Occlusion
815300582,Texture,Texture,Occlusion,Occlusion,Texture,Texture,Occlusion,Texture,Texture,Texture,Texture,Shadow,Texture,Texture,Texture,Texture,Shadow,Shadow,Occlusion,Shadow,Texture,Shadow,Texture,Shadow,Shadow,Shadow,Shadow,Texture,Shadow,Texture,Shadow,Shadow,Shadow,Shadow,Shadow,Shadow,Shadow,Shadow,Shadow,Shadow,Shadow,Shadow,Shadow,Shadow,Shadow,Shadow,Shadow,Shadow,Occlusion,Occlusion,Occlusion,Occlusion,Occlusion,Occlusion,Occlusion,Occlusion,Shadow,Occlusion,Occlusion,Shadow,Occlusion,Occlusion,Occlusion,Shadow
815366935,Texture,Texture,Texture,Texture,Texture,Texture,Texture,Texture,Texture,Texture,Texture,Texture,Texture,Texture,Texture,Texture,Occlusion,Occlusion,Occlusion,Occlusion,Shadow,Shadow,Texture,Shadow,Texture,Shadow,Texture,Shadow,Texture,Texture,Texture,Shadow,Occlusion,Occlusion,Occlusion,Occlusion,Shadow,Shadow,Shadow,Shadow,Shadow,Occlusion,Shadow,Shadow,Shadow,Shadow,Shadow,Shadow,Occlusion,Occlusion,Occlusion,Occlusion,Occlusion,Occlusion,Occlusion,Occlusion,Shadow,Occlusion,Shadow,Shadow,Shadow,Occlusion,Shadow,Shadow
815350900,Texture,Texture,Occlusion,Occlusion,Texture,Texture,Texture,Texture,Texture,Texture,Texture,Texture,Texture,Texture,Texture,Texture,Occlusion,Occlusion,Occlusion,Occlusion,Shadow,Shadow,Shadow,Shadow,Shadow,Shadow,Shadow,Shadow,Shadow,Shadow,Shadow,Shadow,Occlusion,Occlusion,Occlusion,Occlusion,Shadow,Shadow,Shadow,Shadow,Shadow,Shadow,Shadow,Shadow,Shadow,Shadow,Shadow,Shadow,Occlusion,Occlusion,Occlusion,Occlusion,Shadow,Shadow,Shadow,Shadow,Shadow,Shadow,Shadow,Shadow,Shadow,Shadow,Shadow,Shadow
815364400,Texture,Shadow,Texture,Texture,Texture,Shadow,Shadow,Shadow,Texture,Texture,Texture,Shadow,Texture,Texture,Texture,Texture,Texture,Shadow,Shadow,Texture,Shadow,Shadow,Shadow,Texture,Texture,Shadow,Shadow,Shadow,Shadow,Texture,Texture,Shadow,Texture,Occlusion,Occlusion,Occlusion,Shadow,Occlusion,Texture,Shadow,Shadow,Texture,Shadow,Shadow,Shadow,Shadow,Shadow,Shadow,Texture,Occlusion,Occlusion,Shadow,Texture,Occlusion,Shadow,Texture,Texture,Shadow,Texture,Shadow,Shadow,Shadow,Shadow,Shadow
815364137,Texture,Texture,Texture,Texture,Texture,Texture,Texture,Texture,Texture,Texture,Texture,Texture,Texture,Texture,Texture,Texture,Shadow,Occlusion,Shadow,Occlusion,Shadow,Texture,Texture,Texture,Shadow,Shadow,Texture,Texture,Shadow,Texture,Texture,Shadow,Occlusion,Occlusion,Occlusion,Occlusion,Occlusion,Shadow,Shadow,Occlusion,Texture,Texture,Occlusion,Shadow,Shadow,Shadow,Shadow,Shadow,Occlusion,Occlusion,Occlusion,Occlusion,Occlusion,Shadow,Occlusion,Occlusion,Occlusion,Occlusion,Shadow,Occlusion,Occlusion,Occlusion,Shadow,Occlusion
815320290,Texture,Occlusion,Occlusion,Occlusion,Texture,Texture,Occlusion,Occlusion,Texture,Texture,Texture,Occlusion,Texture,Texture,Texture,Occlusion,Occlusion,Occlusion,Occlusion,Occlusion,Shadow,Shadow,Shadow,Occlusion,Shadow,Shadow,Shadow,Shadow,Shadow,Shadow,Occlusion,Occlusion,Occlusion,Occlusion,Occlusion,Occlusion,Shadow,Shadow,Shadow,Shadow,Shadow,Shadow,Shadow,Shadow,Shadow,Shadow,Shadow,Shadow,Occlusion,Occlusion,Occlusion,Occlusion,Shadow,Shadow,Shadow,Shadow,Shadow,Shadow,Shadow,Shadow,Shadow,Shadow,Shadow,Shadow
815262691,Texture,Occlusion,Occlusion,Occlusion,Texture,Texture,Texture,Texture,Texture,Texture,Occlusion,Occlusion,Texture,Shadow,Shadow,Texture,Occlusion,Occlusion,Occlusion,Occlusion,Shadow,Shadow,Shadow,Shadow,Shadow,Shadow,Shadow,Shadow,Shadow,Shadow,Shadow,Shadow,Occlusion,Occlusion,Occlusion,Occlusion,Shadow,Shadow,Shadow,Shadow,Shadow,Shadow,Shadow,Shadow,Shadow,Shadow,Shadow,Shadow,Occlusion,Occlusion,Occlusion,Occlusion,Shadow,Shadow,Shadow,Shadow,Shadow,Shadow,Shadow,Shadow,Shadow,Shadow,Shadow,Shadow
815162135,Texture,Occlusion,Occlusion,Occlusion,Texture,Texture,Texture,Occlusion,Texture,Texture,Texture,Occlusion,Texture,Texture,Texture,Texture,Occlusion,Occlusion,Occlusion,Occlusion,Shadow,Shadow,Shadow,Shadow,Shadow,Shadow,Shadow,Shadow,Texture,Shadow,Texture,Shadow,Occlusion,Occlusion,Occlusion,Occlusion,Shadow,Shadow,Shadow,Shadow,Shadow,Shadow,Shadow,Shadow,Shadow,Shadow,Shadow,Shadow,Occlusion,Occlusion,Occlusion,Occlusion,Occlusion,Occlusion,Occlusion,Occlusion,Occlusion,Occlusion,Occlusion,Occlusion,Shadow,Occlusion,Occlusion,Occlusion
815271982,Texture,Occlusion,Occlusion,Occlusion,Texture,Texture,Occlusion,Occlusion,Texture,Texture,Occlusion,Occlusion,Texture,Texture,Texture,Texture,Occlusion,Occlusion,Occlusion,Occlusion,Shadow,Occlusion,Shadow,Occlusion,Shadow,Shadow,Shadow,Occlusion,Shadow,Shadow,Shadow,Occlusion,Occlusion,Occlusion,Occlusion,Occlusion,Shadow,Occlusion,Shadow,Occlusion,Shadow,Shadow,Shadow,Occlusion,Shadow,Shadow,Shadow,Shadow,Occlusion,Occlusion,Occlusion,Occlusion,Occlusion,Occlusion,Occlusion,Occlusion,Occlusion,Occlusion,Occlusion,Occlusion,Occlusion,Occlusion,Occlusion,Occlusion
8153146464,Texture,Texture,Occlusion,Occlusion,Texture,Texture,Texture,Texture,Texture,Texture,Texture,Texture,Texture,Texture,Texture,Texture,Occlusion,Occlusion,Occlusion,Occlusion,Shadow,Texture,Texture,Shadow,Texture,Shadow,Texture,Texture,Texture,Texture,Shadow,Texture,Occlusion,Occlusion,Occlusion,Occlusion,Shadow,Shadow,Shadow,Shadow,Shadow,Shadow,Shadow,Shadow,Shadow,Shadow,Shadow,Shadow,Occlusion,Occlusion,Occlusion,Occlusion,Shadow,Shadow,Shadow,Shadow,Shadow,Shadow,Shadow,Shadow,Shadow,Shadow,Shadow,Shadow
815331593,Texture,Texture,Texture,Occlusion,Texture,Texture,Texture,Texture,Texture,Texture,Texture,Texture,Texture,Texture,Texture,Texture,Occlusion,Occlusion,Occlusion,Occlusion,Shadow,Shadow,Shadow,Occlusion,Shadow,Shadow,Texture,Shadow,Texture,Texture,Texture,Shadow,Occlusion,Occlusion,Occlusion,Occlusion,Shadow,Shadow,Shadow,Shadow,Shadow,Shadow,Shadow,Shadow,Shadow,Shadow,Shadow,Shadow,Occlusion,Occlusion,Occlusion,Occlusion,Shadow,Shadow,Shadow,Shadow,Shadow,Shadow,Shadow,Shadow,Shadow,Shadow,Shadow,Shadow
815297077,Texture,Occlusion,Occlusion,Occlusion,Texture,Texture,Texture,Texture,Texture,Texture,Texture,Texture,Texture,Texture,Texture,Texture,Occlusion,Occlusion,Occlusion,Occlusion,Shadow,Shadow,Shadow,Texture,Shadow,Texture,Texture,Texture,Texture,Texture,Texture,Texture,Occlusion,Occlusion,Occlusion,Occlusion,Shadow,Shadow,Shadow,Shadow,Shadow,Shadow,Shadow,Shadow,Shadow,Shadow,Shadow,Shadow,Occlusion,Occlusion,Occlusion,Occlusion,Occlusion,Occlusion,Occlusion,Occlusion,Occlusion,Occlusion,Occlusion,Occlusion,Shadow,Occlusion,Occlusion,Occlusion
815317893,Texture,Texture,Texture,Texture,Texture,Texture,Texture,Texture,Texture,Texture,Texture,Texture,Texture,Texture,Texture,Texture,Occlusion,Occlusion,Occlusion,Occlusion,Shadow,Shadow,Shadow,Shadow,Texture,Shadow,Shadow,Texture,Shadow,Shadow,Shadow,Shadow,Occlusion,Occlusion,Occlusion,Occlusion,Shadow,Shadow,Shadow,Shadow,Shadow,Shadow,Shadow,Shadow,Shadow,Shadow,Shadow,Shadow,Occlusion,Occlusion,Occlusion,Occlusion,Occlusion,Occlusion,Occlusion,Occlusion,Occlusion,Occlusion,Occlusion,Occlusion,Occlusion,Occlusion,Occlusion,Occlusion
815317556,Texture,Occlusion,Texture,Occlusion,Texture,Texture,Texture,Texture,Texture,Texture,Texture,Texture,Texture,Texture,Texture,Texture,Occlusion,Occlusion,Occlusion,Occlusion,Shadow,Shadow,Shadow,Shadow,Texture,Shadow,Shadow,Shadow,Texture,Texture,Shadow,Shadow,Occlusion,Occlusion,Occlusion,Occlusion,Shadow,Shadow,Shadow,Shadow,Shadow,Shadow,Shadow,Shadow,Shadow,Shadow,Shadow,Shadow,Occlusion,Occlusion,Occlusion,Occlusion,Occlusion,Occlusion,Occlusion,Occlusion,Occlusion,Occlusion,Occlusion,Occlusion,Shadow,Occlusion,Shadow,Shadow
815271970,Texture,Texture,Occlusion,Texture,Texture,Texture,Texture,Texture,Texture,Texture,Texture,Texture,Texture,Texture,Texture,Texture,Occlusion,Occlusion,Occlusion,Occlusion,Shadow,Shadow,Shadow,Shadow,Shadow,Shadow,Shadow,Shadow,Shadow,Shadow,Texture,Shadow,Occlusion,Occlusion,Occlusion,Occlusion,Shadow,Shadow,Shadow,Shadow,Shadow,Shadow,Shadow,Shadow,Shadow,Shadow,Shadow,Shadow,Occlusion,Occlusion,Occlusion,Occlusion,Shadow,Occlusion,Occlusion,Occlusion,Shadow,Shadow,Occlusion,Shadow,Occlusion,Shadow,Shadow,Shadow
815346834,Texture,Occlusion,Occlusion,Occlusion,Texture,Texture,Occlusion,Occlusion,Texture,Occlusion,Texture,Occlusion,Texture,Texture,Occlusion,Occlusion,Occlusion,Occlusion,Occlusion,Occlusion,Shadow,Shadow,Occlusion,Shadow,Texture,Shadow,Occlusion,Occlusion,Texture,Texture,Occlusion,Texture,Occlusion,Occlusion,Occlusion,Occlusion,Shadow,Shadow,Shadow,Shadow,Shadow,Shadow,Shadow,Shadow,Shadow,Shadow,Shadow,Shadow,Occlusion,Occlusion,Occlusion,Occlusion,Shadow,Shadow,Shadow,Shadow,Shadow,Shadow,Shadow,Shadow,Shadow,Shadow,Shadow,Shadow
815323371,Texture,Texture,Occlusion,Occlusion,Texture,Texture,Texture,Texture,Texture,Texture,Texture,Texture,Texture,Texture,Texture,Texture,Shadow,Occlusion,Occlusion,Occlusion,Texture,Texture,Texture,Texture,Texture,Texture,Texture,Texture,Texture,Texture,Texture,Texture,Shadow,Occlusion,Occlusion,Occlusion,Shadow,Shadow,Shadow,Shadow,Shadow,Shadow,Shadow,Shadow,Texture,Shadow,Shadow,Shadow,Occlusion,Occlusion,Occlusion,Occlusion,Shadow,Shadow,Shadow,Shadow,Shadow,Shadow,Shadow,Shadow,Shadow,Shadow,Shadow,Shadow
815274729,Texture,Texture,Texture,Occlusion,Texture,Texture,Texture,Texture,Texture,Texture,Texture,Texture,Texture,Texture,Texture,Texture,Occlusion,Occlusion,Occlusion,Occlusion,Texture,Texture,Shadow,Shadow,Shadow,Texture,Texture,Texture,Texture,Texture,Shadow,Shadow,Occlusion,Occlusion,Occlusion,Occlusion,Shadow,Shadow,Shadow,Shadow,Shadow,Shadow,Shadow,Shadow,Shadow,Shadow,Shadow,Shadow,Occlusion,Occlusion,Occlusion,Occlusion,Shadow,Shadow,Shadow,Shadow,Shadow,Shadow,Shadow,Shadow,Shadow,Shadow,Shadow,Shadow
815248628,Texture,Texture,Occlusion,Occlusion,Texture,Texture,Texture,Texture,Texture,Texture,Texture,Occlusion,Texture,Texture,Occlusion,Occlusion,Occlusion,Occlusion,Occlusion,Occlusion,Shadow,Texture,Shadow,Shadow,Shadow,Shadow,Shadow,Shadow,Texture,Texture,Shadow,Shadow,Occlusion,Occlusion,Occlusion,Occlusion,Shadow,Shadow,Shadow,Shadow,Shadow,Shadow,Shadow,Shadow,Shadow,Shadow,Shadow,Shadow,Occlusion,Occlusion,Occlusion,Occlusion,Shadow,Shadow,Shadow,Shadow,Shadow,Shadow,Shadow,Shadow,Shadow,Shadow,Shadow,Shadow
815267449,Texture,Shadow,Texture,Texture,Texture,Shadow,Texture,Shadow,Texture,Shadow,Texture,Texture,Texture,Texture,Texture,Texture,Occlusion,Occlusion,Occlusion,Occlusion,Shadow,Texture,Shadow,Shadow,Shadow,Shadow,Texture,Texture,Texture,Texture,Texture,Texture,Occlusion,Occlusion,Occlusion,Occlusion,Shadow,Shadow,Shadow,Shadow,Shadow,Shadow,Shadow,Shadow,Shadow,Shadow,Shadow,Texture,Occlusion,Occlusion,Occlusion,Occlusion,Shadow,Shadow,Occlusion,Shadow,Shadow,Shadow,Shadow,Shadow,Shadow,Shadow,Shadow,Shadow
815369242,Texture,Texture,Occlusion,Occlusion,Texture,Texture,Texture,Occlusion,Texture,Texture,Occlusion,Texture,Texture,Occlusion,Texture,Occlusion,Occlusion,Occlusion,Occlusion,Occlusion,Shadow,Shadow,Texture,Shadow,Shadow,Shadow,Shadow,Shadow,Shadow,Texture,Shadow,Shadow,Occlusion,Occlusion,Occlusion,Occlusion,Shadow,Shadow,Shadow,Shadow,Shadow,Shadow,Shadow,Shadow,Shadow,Shadow,Shadow,Shadow,Occlusion,Occlusion,Occlusion,Occlusion,Shadow,Shadow,Shadow,Shadow,Shadow,Shadow,Shadow,Shadow,Shadow,Shadow,Shadow,Shadow
815260587,Texture,Texture,Texture,Occlusion,Texture,Texture,Texture,Texture,Texture,Texture,Texture,Texture,Texture,Texture,Texture,Texture,Shadow,Occlusion,Occlusion,Occlusion,Texture,Texture,Texture,Texture,Texture,Texture,Texture,Texture,Texture,Texture,Texture,Texture,Shadow,Occlusion,Occlusion,Occlusion,Shadow,Shadow,Shadow,Shadow,Shadow,Shadow,Shadow,Shadow,Shadow,Shadow,Shadow,Shadow,Occlusion,Occlusion,Occlusion,Occlusion,Occlusion,Shadow,Occlusion,Shadow,Shadow,Occlusion,Shadow,Shadow,Shadow,Shadow,Shadow,Shadow
815272067,Texture,Texture,Texture,Texture,Texture,Texture,Texture,Texture,Texture,Texture,Texture,Texture,Texture,Texture,Texture,Texture,Shadow,Occlusion,Occlusion,Shadow,Texture,Texture,Texture,Texture,Texture,Texture,Texture,Texture,Texture,Texture,Texture,Texture,Occlusion,Occlusion,Occlusion,Occlusion,Shadow,Shadow,Shadow,Shadow,Shadow,Shadow,Shadow,Shadow,Shadow,Shadow,Texture,Texture,Occlusion,Occlusion,Occlusion,Occlusion,Occlusion,Occlusion,Shadow,Shadow,Shadow,Shadow,Shadow,Shadow,Shadow,Occlusion,Shadow,Occlusion
815301966,Texture,Texture,Texture,Texture,Texture,Texture,Texture,Texture,Texture,Texture,Texture,Texture,Texture,Texture,Texture,Texture,Shadow,Shadow,Occlusion,Shadow,Texture,Texture,Texture,Texture,Texture,Texture,Texture,Texture,Texture,Texture,Texture,Texture,Shadow,Occlusion,Shadow,Occlusion,Shadow,Shadow,Shadow,Shadow,Shadow,Shadow,Shadow,Shadow,Shadow,Shadow,Texture,Shadow,Occlusion,Occlusion,Occlusion,Occlusion,Occlusion,Occlusion,Occlusion,Occlusion,Shadow,Shadow,Occlusion,Occlusion,Shadow,Occlusion,Shadow,Shadow
815214032,Texture,Occlusion,Occlusion,Occlusion,Texture,Texture,Occlusion,Occlusion,Shadow,Occlusion,Occlusion,Occlusion,Texture,Shadow,Texture,Occlusion,Occlusion,Occlusion,Occlusion,Occlusion,Texture,Shadow,Shadow,Shadow,Texture,Shadow,Shadow,Texture,Shadow,Shadow,Shadow,Shadow,Occlusion,Occlusion,Occlusion,Occlusion,Shadow,Shadow,Shadow,Shadow,Shadow,Shadow,Shadow,Shadow,Shadow,Shadow,Shadow,Shadow,Occlusion,Occlusion,Occlusion,Occlusion,Shadow,Shadow,Shadow,Shadow,Shadow,Shadow,Shadow,Shadow,Shadow,Shadow,Shadow,Shadow
815284792,Texture,Texture,Occlusion,Occlusion,Texture,Texture,Texture,Texture,Texture,Texture,Texture,Texture,Texture,Texture,Texture,Texture,Occlusion,Shadow,Occlusion,Occlusion,Texture,Shadow,Shadow,Shadow,Texture,Shadow,Shadow,Shadow,Shadow,Shadow,Shadow,Shadow,Shadow,Occlusion,Occlusion,Occlusion,Shadow,Shadow,Shadow,Shadow,Shadow,Shadow,Shadow,Shadow,Shadow,Shadow,Shadow,Shadow,Occlusion,Occlusion,Occlusion,Occlusion,Shadow,Shadow,Shadow,Shadow,Shadow,Shadow,Shadow,Occlusion,Shadow,Shadow,Shadow,Shadow
815322125,Texture,Texture,Occlusion,Occlusion,Texture,Texture,Texture,Occlusion,Texture,Texture,Texture,Texture,Texture,Texture,Texture,Texture,Shadow,Shadow,Shadow,Shadow,Shadow,Shadow,Shadow,Shadow,Shadow,Shadow,Shadow,Shadow,Shadow,Shadow,Shadow,Shadow,Shadow,Shadow,Shadow,Occlusion,Shadow,Shadow,Shadow,Shadow,Shadow,Shadow,Shadow,Shadow,Shadow,Shadow,Shadow,Shadow,Occlusion,Occlusion,Occlusion,Occlusion,Occlusion,Occlusion,Occlusion,Occlusion,Shadow,Occlusion,Occlusion,Occlusion,Occlusion,Occlusion,Occlusion,Occlusion
815345524,Texture,Texture,Texture,Texture,Texture,Texture,Texture,Texture,Texture,Texture,Texture,Texture,Texture,Texture,Texture,Texture,Occlusion,Occlusion,Occlusion,Occlusion,Texture,Shadow,Shadow,Shadow,Shadow,Shadow,Texture,Texture,Texture,Texture,Shadow,Shadow,Occlusion,Occlusion,Occlusion,Occlusion,Shadow,Shadow,Shadow,Shadow,Shadow,Shadow,Shadow,Shadow,Shadow,Shadow,Shadow,Shadow,Occlusion,Occlusion,Occlusion,Occlusion,Shadow,Shadow,Occlusion,Shadow,Occlusion,Shadow,Occlusion,Shadow,Shadow,Shadow,Shadow,Shadow
815317270,Texture,Texture,Occlusion,Occlusion,Texture,Texture,Texture,Texture,Texture,Texture,Texture,Texture,Texture,Texture,Texture,Texture,Occlusion,Occlusion,Occlusion,Occlusion,Texture,Shadow,Texture,Texture,Texture,Texture,Shadow,Texture,Texture,Texture,Shadow,Texture,Occlusion,Occlusion,Occlusion,Occlusion,Shadow,Shadow,Texture,Shadow,Shadow,Shadow,Shadow,Shadow,Shadow,Texture,Shadow,Shadow,Occlusion,Occlusion,Occlusion,Occlusion,Shadow,Shadow,Shadow,Shadow,Shadow,Shadow,Shadow,Shadow,Shadow,Shadow,Shadow,Shadow
815316853,Texture,Occlusion,Occlusion,Occlusion,Texture,Occlusion,Texture,Occlusion,Texture,Texture,Occlusion,Occlusion,Texture,Texture,Texture,Texture,Shadow,Shadow,Shadow,Occlusion,Shadow,Shadow,Shadow,Shadow,Shadow,Shadow,Shadow,Shadow,Shadow,Shadow,Shadow,Shadow,Occlusion,Shadow,Shadow,Occlusion,Shadow,Shadow,Shadow,Shadow,Shadow,Shadow,Shadow,Shadow,Shadow,Shadow,Shadow,Shadow,Occlusion,Occlusion,Occlusion,Occlusion,Shadow,Shadow,Shadow,Shadow,Shadow,Shadow,Occlusion,Occlusion,Shadow,Shadow,Shadow,Shadow
815389438,Texture,Occlusion,Occlusion,Occlusion,Texture,Texture,Occlusion,Occlusion,Texture,Shadow,Texture,Texture,Texture,Texture,Occlusion,Occlusion,Occlusion,Occlusion,Occlusion,Occlusion,Texture,Shadow,Texture,Occlusion,Shadow,Texture,Texture,Texture,Texture,Texture,Texture,Texture,Occlusion,Occlusion,Occlusion,Occlusion,Shadow,Shadow,Shadow,Shadow,Shadow,Shadow,Shadow,Shadow,Shadow,Shadow,Shadow,Shadow,Occlusion,Occlusion,Occlusion,Occlusion,Shadow,Occlusion,Occlusion,Occlusion,Shadow,Shadow,Shadow,Shadow,Shadow,Occlusion,Shadow,Shadow
815357386,Texture,Texture,Texture,Texture,Texture,Texture,Texture,Texture,Shadow,Texture,Texture,Texture,Texture,Texture,Texture,Texture,Texture,Texture,Texture,Texture,Texture,Texture,Texture,Texture,Texture,Texture,Texture,Texture,Texture,Texture,Texture,Texture,Texture,Texture,Texture,Texture,Texture,Texture,Texture,Texture,Texture,Texture,Texture,Texture,Texture,Texture,Texture,Texture,Texture,Texture,Texture,Texture,Texture,Texture,Texture,Shadow,Shadow,Texture,Texture,Texture,Texture,Texture,Shadow,Texture
815270039,Texture,Texture,Occlusion,Occlusion,Texture,Shadow,Shadow,Texture,Texture,Texture,Texture,Texture,Texture,Texture,Texture,Texture,Occlusion,Occlusion,Occlusion,Occlusion,Shadow,Shadow,Shadow,Shadow,Shadow,Shadow,Shadow,Shadow,Texture,Texture,Shadow,Shadow,Occlusion,Occlusion,Occlusion,Occlusion,Shadow,Shadow,Shadow,Shadow,Shadow,Shadow,Shadow,Shadow,Shadow,Shadow,Shadow,Shadow,Occlusion,Occlusion,Occlusion,Occlusion,Occlusion,Occlusion,Occlusion,Shadow,Occlusion,Occlusion,Occlusion,Occlusion,Shadow,Shadow,Occlusion,Shadow
815315886,Texture,Occlusion,Occlusion,Occlusion,Texture,Texture,Occlusion,Occlusion,Texture,Occlusion,Occlusion,Occlusion,Shadow,Occlusion,Occlusion,Occlusion,Occlusion,Occlusion,Occlusion,Occlusion,Shadow,Shadow,Shadow,Occlusion,Shadow,Shadow,Shadow,Occlusion,Texture,Texture,Occlusion,Occlusion,Occlusion,Occlusion,Occlusion,Occlusion,Shadow,Shadow,Shadow,Shadow,Shadow,Shadow,Shadow,Shadow,Shadow,Shadow,Shadow,Shadow,Occlusion,Occlusion,Occlusion,Occlusion,Occlusion,Shadow,Shadow,Occlusion,Shadow,Occlusion,Shadow,Shadow,Shadow,Shadow,Shadow,Shadow
815357731,Texture,Occlusion,Occlusion,Occlusion,Texture,Occlusion,Occlusion,Occlusion,Texture,Occlusion,Occlusion,Occlusion,Texture,Texture,Occlusion,Occlusion,Shadow,Occlusion,Occlusion,Occlusion,Shadow,Shadow,Shadow,Occlusion,Shadow,Shadow,Occlusion,Occlusion,Shadow,Occlusion,Occlusion,Shadow,Shadow,Shadow,Shadow,Occlusion,Shadow,Shadow,Shadow,Occlusion,Shadow,Shadow,Shadow,Shadow,Shadow,Shadow,Shadow,Shadow,Shadow,Shadow,Occlusion,Occlusion,Shadow,Shadow,Shadow,Shadow,Shadow,Shadow,Shadow,Shadow,Shadow,Shadow,Shadow,Shadow
815286825,Texture,Texture,Texture,Texture,Texture,Texture,Texture,Texture,Texture,Texture,Texture,Texture,Texture,Texture,Texture,Texture,Occlusion,Occlusion,Occlusion,Occlusion,Texture,Texture,Texture,Texture,Shadow,Texture,Shadow,Shadow,Shadow,Texture,Shadow,Texture,Occlusion,Occlusion,Occlusion,Occlusion,Shadow,Shadow,Shadow,Shadow,Shadow,Shadow,Shadow,Shadow,Shadow,Shadow,Shadow,Shadow,Occlusion,Occlusion,Occlusion,Occlusion,Occlusion,Occlusion,Shadow,Shadow,Shadow,Shadow,Shadow,Occlusion,Shadow,Occlusion,Shadow,Shadow
815367998,Shadow,Texture,Occlusion,Occlusion,Shadow,Texture,Shadow,Texture,Occlusion,Texture,Shadow,Shadow,Occlusion,Shadow,Texture,Shadow,Occlusion,Shadow,Texture,Shadow,Texture,Occlusion,Shadow,Texture,Shadow,Shadow,Shadow,Shadow,Shadow,Shadow,Shadow,Occlusion,Texture,Occlusion,Occlusion,Occlusion,Shadow,Shadow,Occlusion,Shadow,Shadow,Shadow,Occlusion,Texture,Shadow,Occlusion,Texture,Shadow,Occlusion,Occlusion,Occlusion,Occlusion,Shadow,Occlusion,Occlusion,Shadow,Occlusion,Shadow,Shadow,Occlusion,Texture,Occlusion,Occlusion,Shadow
815244254,Texture,Occlusion,Occlusion,Occlusion,Texture,Texture,Texture,Shadow,Texture,Texture,Texture,Texture,Texture,Texture,Shadow,Texture,Occlusion,Shadow,Occlusion,Occlusion,Shadow,Texture,Shadow,Shadow,Shadow,Shadow,Shadow,Texture,Shadow,Shadow,Shadow,Shadow,Occlusion,Occlusion,Occlusion,Occlusion,Shadow,Shadow,Shadow,Shadow,Shadow,Shadow,Shadow,Shadow,Shadow,Shadow,Shadow,Shadow,Occlusion,Occlusion,Occlusion,Occlusion,Shadow,Shadow,Shadow,Shadow,Shadow,Shadow,Shadow,Shadow,Shadow,Shadow,Shadow,Shadow
815360347,Texture,Texture,Texture,Texture,Texture,Texture,Texture,Texture,Texture,Texture,Texture,Texture,Texture,Texture,Texture,Texture,Occlusion,Occlusion,Occlusion,Occlusion,Shadow,Shadow,Texture,Texture,Texture,Shadow,Shadow,Shadow,Texture,Texture,Texture,Shadow,Occlusion,Occlusion,Occlusion,Occlusion,Shadow,Shadow,Shadow,Shadow,Shadow,Shadow,Shadow,Shadow,Shadow,Shadow,Shadow,Shadow,Shadow,Occlusion,Occlusion,Occlusion,Shadow,Shadow,Shadow,Shadow,Shadow,Shadow,Shadow,Shadow,Shadow,Shadow,Shadow,Shadow
815343389,Texture,Texture,Texture,Texture,Texture,Texture,Texture,Texture,Texture,Texture,Texture,Texture,Texture,Texture,Texture,Texture,Shadow,Shadow,Shadow,Occlusion,Shadow,Shadow,Texture,Shadow,Texture,Shadow,Shadow,Occlusion,Texture,Shadow,Shadow,Shadow,Occlusion,Occlusion,Occlusion,Occlusion,Shadow,Shadow,Shadow,Shadow,Occlusion,Shadow,Shadow,Texture,Shadow,Shadow,Shadow,Shadow,Occlusion,Occlusion,Occlusion,Occlusion,Occlusion,Occlusion,Occlusion,Occlusion,Shadow,Occlusion,Occlusion,Occlusion,Shadow,Shadow,Shadow,Occlusion
815354551,Texture,Texture,Occlusion,Occlusion,Texture,Texture,Texture,Shadow,Shadow,Texture,Texture,Texture,Texture,Texture,Texture,Occlusion,Occlusion,Occlusion,Occlusion,Occlusion,Shadow,Shadow,Occlusion,Occlusion,Shadow,Shadow,Shadow,Occlusion,Texture,Texture,Shadow,Shadow,Occlusion,Occlusion,Occlusion,Occlusion,Shadow,Shadow,Shadow,Shadow,Shadow,Shadow,Shadow,Shadow,Shadow,Shadow,Shadow,Shadow,Occlusion,Occlusion,Occlusion,Occlusion,Shadow,Shadow,Shadow,Shadow,Shadow,Shadow,Shadow,Shadow,Shadow,Shadow,Shadow,Shadow
815362939,Texture,Texture,Texture,Texture,Texture,Texture,Texture,Texture,Texture,Texture,Texture,Texture,Texture,Texture,Texture,Texture,Occlusion,Occlusion,Occlusion,Occlusion,Texture,Shadow,Shadow,Texture,Texture,Shadow,Shadow,Shadow,Shadow,Texture,Texture,Shadow,Occlusion,Occlusion,Occlusion,Occlusion,Shadow,Shadow,Shadow,Shadow,Shadow,Shadow,Shadow,Shadow,Shadow,Shadow,Shadow,Shadow,Occlusion,Occlusion,Occlusion,Occlusion,Shadow,Shadow,Shadow,Shadow,Shadow,Shadow,Shadow,Shadow,Shadow,Shadow,Shadow,Shadow
815245215,Texture,Texture,Texture,Texture,Texture,Texture,Texture,Texture,Texture,Texture,Texture,Texture,Texture,Texture,Texture,Texture,Shadow,Shadow,Shadow,Shadow,Occlusion,Texture,Texture,Texture,Texture,Texture,Texture,Texture,Texture,Shadow,Texture,Texture,Shadow,Shadow,Occlusion,Shadow,Shadow,Shadow,Shadow,Shadow,Shadow,Texture,Occlusion,Shadow,Shadow,Shadow,Shadow,Shadow,Occlusion,Occlusion,Occlusion,Occlusion,Occlusion,Occlusion,Occlusion,Occlusion,Occlusion,Occlusion,Occlusion,Occlusion,Shadow,Occlusion,Occlusion,Occlusion
815339716,Occlusion,Occlusion,Occlusion,Occlusion,Occlusion,Shadow,Occlusion,Occlusion,Texture,Occlusion,Texture,Occlusion,Texture,Occlusion,Texture,Occlusion,Shadow,Occlusion,Occlusion,Occlusion,Occlusion,Shadow,Shadow,Occlusion,Occlusion,Shadow,Shadow,Texture,Texture,Texture,Texture,Occlusion,Occlusion,Occlusion,Occlusion,Occlusion,Shadow,Shadow,Shadow,Shadow,Shadow,Shadow,Shadow,Shadow,Shadow,Shadow,Shadow,Shadow,Occlusion,Occlusion,Occlusion,Occlusion,Shadow,Shadow,Shadow,Shadow,Shadow,Shadow,Shadow,Shadow,Shadow,Shadow,Shadow,Shadow
815296628,Texture,Shadow,Texture,Shadow,Texture,Texture,Texture,Texture,Shadow,Texture,Texture,Texture,Texture,Shadow,Texture,Texture,Occlusion,Shadow,Shadow,Shadow,Texture,Texture,Texture,Texture,Occlusion,Texture,Shadow,Shadow,Texture,Shadow,Texture,Texture,Shadow,Shadow,Shadow,Shadow,Shadow,Shadow,Texture,Texture,Shadow,Shadow,Shadow,Texture,Texture,Texture,Texture,Texture,Occlusion,Shadow,Shadow,Shadow,Occlusion,Shadow,Shadow,Shadow,Shadow,Shadow,Shadow,Shadow,Texture,Occlusion,Occlusion,Shadow
815341516,Texture,Texture,Shadow,Shadow,Occlusion,Texture,Shadow,Texture,Texture,Texture,Texture,Texture,Texture,Texture,Occlusion,Texture,Occlusion,Shadow,Occlusion,Occlusion,Shadow,Shadow,Occlusion,Shadow,Shadow,Occlusion,Occlusion,Shadow,Texture,Shadow,Shadow,Texture,Texture,Shadow,Occlusion,Shadow,Shadow,Shadow,Shadow,Shadow,Shadow,Shadow,Shadow,Occlusion,Shadow,Texture,Shadow,Shadow,Shadow,Occlusion,Occlusion,Shadow,Shadow,Shadow,Shadow,Occlusion,Shadow,Texture,Shadow,Shadow,Shadow,Shadow,Occlusion,Shadow
815262289,Shadow,Occlusion,Occlusion,Occlusion,Shadow,Occlusion,Occlusion,Occlusion,Shadow,Occlusion,Occlusion,Occlusion,Shadow,Occlusion,Shadow,Texture,Shadow,Occlusion,Occlusion,Texture,Occlusion,Shadow,Texture,Occlusion,Occlusion,Occlusion,Shadow,Occlusion,Occlusion,Texture,Occlusion,Occlusion,Texture,Shadow,Shadow,Texture,Texture,Shadow,Occlusion,Occlusion,Occlusion,Shadow,Occlusion,Shadow,Shadow,Occlusion,Shadow,Shadow,Occlusion,Texture,Occlusion,Occlusion,Shadow,Shadow,Shadow,Shadow,Occlusion,Occlusion,Occlusion,Occlusion,Texture,Shadow,Occlusion,Texture
815328968,Texture,Shadow,Texture,Occlusion,Texture,Texture,Shadow,Occlusion,Texture,Texture,Occlusion,Texture,Texture,Texture,Texture,Shadow,Occlusion,Shadow,Occlusion,Occlusion,Shadow,Shadow,Occlusion,Shadow,Occlusion,Texture,Shadow,Occlusion,Shadow,Shadow,Texture,Occlusion,Shadow,Occlusion,Occlusion,Shadow,Shadow,Texture,Shadow,Occlusion,Texture,Shadow,Occlusion,Shadow,Occlusion,Shadow,Shadow,Shadow,Occlusion,Occlusion,Occlusion,Shadow,Shadow,Occlusion,Occlusion,Occlusion,Shadow,Occlusion,Occlusion,Occlusion,Occlusion,Occlusion,Occlusion,Occlusion
815248366,Texture,Texture,Texture,Occlusion,Texture,Texture,Texture,Texture,Texture,Texture,Texture,Texture,Texture,Texture,Texture,Texture,Occlusion,Occlusion,Occlusion,Occlusion,Shadow,Shadow,Shadow,Shadow,Texture,Texture,Shadow,Shadow,Shadow,Texture,Texture,Shadow,Occlusion,Occlusion,Occlusion,Occlusion,Shadow,Shadow,Shadow,Shadow,Shadow,Shadow,Shadow,Shadow,Shadow,Shadow,Shadow,Shadow,Occlusion,Occlusion,Occlusion,Occlusion,Shadow,Shadow,Shadow,Shadow,Shadow,Shadow,Shadow,Shadow,Shadow,Shadow,Shadow,Shadow
815304339,Texture,Occlusion,Occlusion,Occlusion,Texture,Texture,Texture,Occlusion,Texture,Occlusion,Texture,Occlusion,Texture,Texture,Texture,Texture,Occlusion,Occlusion,Occlusion,Occlusion,Shadow,Shadow,Shadow,Shadow,Shadow,Shadow,Shadow,Shadow,Shadow,Texture,Texture,Shadow,Occlusion,Occlusion,Occlusion,Occlusion,Shadow,Shadow,Shadow,Shadow,Shadow,Shadow,Shadow,Shadow,Shadow,Shadow,Shadow,Shadow,Occlusion,Occlusion,Occlusion,Occlusion,Shadow,Occlusion,Shadow,Shadow,Shadow,Shadow,Shadow,Shadow,Shadow,Shadow,Shadow,Shadow
815323937,Texture,Texture,Texture,Texture,Texture,Texture,Texture,Texture,Texture,Texture,Texture,Texture,Texture,Texture,Texture,Texture,Occlusion,Occlusion,Occlusion,Occlusion,Shadow,Shadow,Shadow,Shadow,Shadow,Shadow,Shadow,Shadow,Shadow,Shadow,Shadow,Shadow,Occlusion,Occlusion,Occlusion,Occlusion,Shadow,Shadow,Shadow,Shadow,Shadow,Shadow,Shadow,Shadow,Shadow,Shadow,Shadow,Shadow,Occlusion,Occlusion,Occlusion,Occlusion,Shadow,Shadow,Shadow,Shadow,Shadow,Shadow,Shadow,Shadow,Shadow,Shadow,Shadow,Shadow
815300653,Texture,Occlusion,Occlusion,Texture,Texture,Texture,Occlusion,Occlusion,Texture,Texture,Texture,Texture,Texture,Texture,Texture,Texture,Occlusion,Occlusion,Occlusion,Occlusion,Shadow,Shadow,Shadow,Shadow,Texture,Shadow,Shadow,Occlusion,Shadow,Shadow,Shadow,Texture,Occlusion,Occlusion,Occlusion,Occlusion,Shadow,Shadow,Shadow,Shadow,Shadow,Shadow,Shadow,Shadow,Shadow,Shadow,Shadow,Shadow,Occlusion,Occlusion,Occlusion,Occlusion,Occlusion,Occlusion,Occlusion,Occlusion,Occlusion,Occlusion,Occlusion,Occlusion,Occlusion,Occlusion,Occlusion,Occlusion
815362310,Texture,Texture,Texture,Occlusion,Texture,Texture,Texture,Texture,Texture,Texture,Texture,Texture,Texture,Texture,Texture,Texture,Occlusion,Occlusion,Occlusion,Occlusion,Shadow,Texture,Texture,Shadow,Texture,Texture,Shadow,Texture,Texture,Texture,Texture,Texture,Occlusion,Occlusion,Occlusion,Occlusion,Shadow,Shadow,Shadow,Shadow,Shadow,Shadow,Shadow,Shadow,Shadow,Shadow,Shadow,Shadow,Occlusion,Occlusion,Occlusion,Occlusion,Shadow,Occlusion,Shadow,Shadow,Shadow,Shadow,Shadow,Shadow,Shadow,Shadow,Shadow,Shadow
815247554,Shadow,Texture,Occlusion,Texture,Texture,Texture,Texture,Texture,Texture,Texture,Texture,Texture,Texture,Texture,Texture,Texture,Shadow,Shadow,Occlusion,Occlusion,Shadow,Shadow,Texture,Shadow,Shadow,Shadow,Texture,Texture,Texture,Shadow,Shadow,Texture,Occlusion,Occlusion,Occlusion,Occlusion,Shadow,Shadow,Shadow,Shadow,Shadow,Shadow,Shadow,Shadow,Shadow,Shadow,Shadow,Shadow,Occlusion,Occlusion,Occlusion,Occlusion,Occlusion,Shadow,Occlusion,Occlusion,Occlusion,Shadow,Occlusion,Shadow,Occlusion,Shadow,Occlusion,Occlusion
815338213,Texture,Texture,Occlusion,Occlusion,Texture,Texture,Texture,Texture,Texture,Texture,Texture,Texture,Texture,Texture,Texture,Texture,Occlusion,Occlusion,Occlusion,Occlusion,Shadow,Shadow,Shadow,Shadow,Shadow,Shadow,Shadow,Shadow,Shadow,Shadow,Shadow,Shadow,Occlusion,Occlusion,Occlusion,Occlusion,Occlusion,Shadow,Shadow,Occlusion,Shadow,Shadow,Shadow,Shadow,Shadow,Shadow,Shadow,Shadow,Occlusion,Occlusion,Occlusion,Occlusion,Occlusion,Occlusion,Occlusion,Occlusion,Occlusion,Occlusion,Occlusion,Occlusion,Occlusion,Shadow,Occlusion,Shadow
815330283,Texture,Texture,Occlusion,Occlusion,Texture,Texture,Texture,Texture,Texture,Texture,Texture,Texture,Texture,Texture,Texture,Texture,Occlusion,Occlusion,Occlusion,Occlusion,Shadow,Texture,Texture,Shadow,Texture,Texture,Shadow,Texture,Texture,Shadow,Texture,Texture,Occlusion,Occlusion,Occlusion,Occlusion,Shadow,Shadow,Shadow,Shadow,Shadow,Shadow,Shadow,Shadow,Texture,Shadow,Shadow,Shadow,Occlusion,Occlusion,Occlusion,Occlusion,Occlusion,Occlusion,Occlusion,Shadow,Shadow,Occlusion,Shadow,Shadow,Shadow,Shadow,Shadow,Shadow
815227388,Texture,Texture,Texture,Texture,Texture,Texture,Texture,Texture,Texture,Texture,Texture,Texture,Texture,Texture,Texture,Texture,Occlusion,Occlusion,Occlusion,Occlusion,Texture,Texture,Texture,Shadow,Texture,Texture,Texture,Texture,Texture,Texture,Shadow,Texture,Occlusion,Occlusion,Occlusion,Occlusion,Shadow,Shadow,Shadow,Shadow,Shadow,Shadow,Shadow,Shadow,Shadow,Shadow,Shadow,Shadow,Occlusion,Occlusion,Occlusion,Occlusion,Shadow,Shadow,Shadow,Shadow,Shadow,Shadow,Shadow,Shadow,Shadow,Shadow,Shadow,Shadow
81527738,Texture,Texture,Texture,Occlusion,Texture,Texture,Texture,Texture,Texture,Texture,Texture,Texture,Texture,Texture,Texture,Texture,Occlusion,Occlusion,Occlusion,Occlusion,Shadow,Shadow,Shadow,Shadow,Texture,Shadow,Shadow,Texture,Texture,Shadow,Shadow,Shadow,Occlusion,Occlusion,Occlusion,Occlusion,Shadow,Shadow,Shadow,Shadow,Shadow,Shadow,Shadow,Shadow,Texture,Shadow,Shadow,Shadow,Occlusion,Occlusion,Occlusion,Occlusion,Shadow,Occlusion,Occlusion,Shadow,Shadow,Shadow,Shadow,Shadow,Shadow,Shadow,Shadow,Shadow
815226896,Shadow,Texture,Shadow,Texture,Texture,Texture,Texture,Texture,Shadow,Texture,Texture,Texture,Texture,Texture,Texture,Texture,Shadow,Shadow,Shadow,Shadow,Shadow,Shadow,Shadow,Shadow,Shadow,Shadow,Shadow,Shadow,Shadow,Shadow,Shadow,Shadow,Shadow,Shadow,Shadow,Shadow,Shadow,Shadow,Shadow,Shadow,Shadow,Shadow,Shadow,Shadow,Shadow,Shadow,Shadow,Shadow,Shadow,Shadow,Shadow,Shadow,Shadow,Shadow,Shadow,Shadow,Shadow,Shadow,Shadow,Shadow,Shadow,Shadow,Shadow,Shadow
815275734,Texture,Occlusion,Occlusion,Occlusion,Texture,Occlusion,Occlusion,Occlusion,Shadow,Occlusion,Occlusion,Occlusion,Occlusion,Texture,Occlusion,Occlusion,Shadow,Occlusion,Occlusion,Occlusion,Texture,Occlusion,Shadow,Occlusion,Shadow,Shadow,Texture,Occlusion,Texture,Texture,Texture,Occlusion,Occlusion,Occlusion,Occlusion,Occlusion,Shadow,Shadow,Shadow,Shadow,Shadow,Shadow,Shadow,Shadow,Texture,Shadow,Shadow,Occlusion,Occlusion,Occlusion,Occlusion,Occlusion,Occlusion,Occlusion,Occlusion,Shadow,Shadow,Shadow,Occlusion,Occlusion,Shadow,Shadow,Shadow,Occlusion
815328968,Texture,Texture,Texture,Texture,Texture,Texture,Texture,Texture,Texture,Texture,Texture,Texture,Texture,Shadow,Texture,Texture,Occlusion,Occlusion,Shadow,Occlusion,Texture,Occlusion,Shadow,Shadow,Shadow,Texture,Shadow,Shadow,Shadow,Occlusion,Occlusion,Shadow,Occlusion,Occlusion,Occlusion,Occlusion,Occlusion,Shadow,Shadow,Shadow,Shadow,Shadow,Shadow,Shadow,Shadow,Occlusion,Shadow,Shadow,Occlusion,Occlusion,Occlusion,Texture,Shadow,Shadow,Shadow,Shadow,Shadow,Occlusion,Shadow,Shadow,Shadow,Shadow,Shadow,Occlusion
815324215,Texture,Texture,Occlusion,Occlusion,Texture,Texture,Texture,Occlusion,Texture,Texture,Occlusion,Texture,Texture,Texture,Texture,Texture,Occlusion,Occlusion,Occlusion,Occlusion,Shadow,Shadow,Shadow,Shadow,Shadow,Shadow,Shadow,Shadow,Texture,Shadow,Shadow,Shadow,Occlusion,Occlusion,Occlusion,Occlusion,Shadow,Shadow,Occlusion,Shadow,Shadow,Shadow,Shadow,Shadow,Shadow,Shadow,Shadow,Shadow,Occlusion,Occlusion,Occlusion,Occlusion,Occlusion,Occlusion,Occlusion,Occlusion,Shadow,Occlusion,Occlusion,Shadow,Shadow,Shadow,Shadow,Shadow
815292914,Texture,Texture,Occlusion,Occlusion,Texture,Texture,Texture,Texture,Texture,Texture,Texture,Texture,Texture,Texture,Texture,Occlusion,Shadow,Occlusion,Occlusion,Occlusion,Shadow,Shadow,Shadow,Occlusion,Shadow,Shadow,Shadow,Texture,Shadow,Shadow,Shadow,Texture,Occlusion,Occlusion,Occlusion,Occlusion,Shadow,Shadow,Shadow,Shadow,Shadow,Shadow,Shadow,Shadow,Shadow,Shadow,Shadow,Shadow,Occlusion,Occlusion,Occlusion,Occlusion,Occlusion,Occlusion,Occlusion,Occlusion,Shadow,Shadow,Occlusion,Occlusion,Occlusion,Occlusion,Shadow,Occlusion
